{"RuleTriggered": 0, "Violations": 377, "Details": {"low_gpu_utilization": 615, "bottlenecks": {"1672456127.000822": {"GPUs": 1, "CPUs": 2}, "1672456127.501669": {"GPUs": 1, "CPUs": 1}, "1672456128.000828": {"GPUs": 1, "CPUs": 3}, "1672456128.505053": {"GPUs": 1, "CPUs": 3}, "1672456129.001471": {"GPUs": 1, "CPUs": 2}, "1672456129.502506": {"GPUs": 1, "CPUs": 3}, "1672456130.002111": {"GPUs": 1, "CPUs": 2}, "1672456130.500805": {"GPUs": 1, "CPUs": 2}, "1672456131.000824": {"GPUs": 1, "CPUs": 3}, "1672456131.500809": {"GPUs": 1, "CPUs": 3}, "1672456132.000794": {"GPUs": 1, "CPUs": 2}, "1672456133.000958": {"GPUs": 1, "CPUs": 1}, "1672456133.500796": {"GPUs": 1, "CPUs": 1}, "1672456134.000823": {"GPUs": 1, "CPUs": 1}, "1672456135.002643": {"GPUs": 1, "CPUs": 2}, "1672456135.500811": {"GPUs": 1, "CPUs": 3}, "1672456136.002524": {"GPUs": 1, "CPUs": 3}, "1672456136.501261": {"GPUs": 1, "CPUs": 3}, "1672456137.000774": {"GPUs": 1, "CPUs": 2}, "1672456137.511808": {"GPUs": 1, "CPUs": 3}, "1672456138.00086": {"GPUs": 1, "CPUs": 4}, "1672456138.500788": {"GPUs": 1, "CPUs": 3}, "1672456139.001226": {"GPUs": 1, "CPUs": 4}, "1672456139.500818": {"GPUs": 1, "CPUs": 4}, "1672456140.001577": {"GPUs": 1, "CPUs": 4}, "1672456140.500808": {"GPUs": 1, "CPUs": 4}, "1672456141.002834": {"GPUs": 1, "CPUs": 4}, "1672456141.500821": {"GPUs": 1, "CPUs": 4}, "1672456142.000814": {"GPUs": 1, "CPUs": 4}, "1672456142.501436": {"GPUs": 1, "CPUs": 4}, "1672456143.002887": {"GPUs": 1, "CPUs": 4}, "1672456143.502618": {"GPUs": 1, "CPUs": 4}, "1672456144.000832": {"GPUs": 1, "CPUs": 4}, "1672456144.501783": {"GPUs": 1, "CPUs": 4}, "1672456145.001435": {"GPUs": 1, "CPUs": 4}, "1672456145.500826": {"GPUs": 1, "CPUs": 4}, "1672456146.001684": {"GPUs": 1, "CPUs": 4}, "1672456146.506512": {"GPUs": 1, "CPUs": 4}, "1672456147.002561": {"GPUs": 1, "CPUs": 4}, "1672456147.500857": {"GPUs": 1, "CPUs": 4}, "1672456148.00364": {"GPUs": 1, "CPUs": 4}, "1672456148.502551": {"GPUs": 1, "CPUs": 4}, "1672456149.005602": {"GPUs": 1, "CPUs": 4}, "1672456149.502617": {"GPUs": 1, "CPUs": 4}, "1672456150.002532": {"GPUs": 1, "CPUs": 4}, "1672456150.500833": {"GPUs": 1, "CPUs": 1}, "1672456151.000795": {"GPUs": 1, "CPUs": 1}, "1672456158.000791": {"GPUs": 1, "CPUs": 1}, "1672456164.500766": {"GPUs": 1, "CPUs": 1}, "1672456166.500813": {"GPUs": 1, "CPUs": 1}, "1672456180.000803": {"GPUs": 1, "CPUs": 1}, "1672456180.50082": {"GPUs": 1, "CPUs": 1}, "1672456202.500803": {"GPUs": 1, "CPUs": 1}, "1672456203.000812": {"GPUs": 1, "CPUs": 1}, "1672456204.00174": {"GPUs": 1, "CPUs": 1}, "1672456204.500835": {"GPUs": 1, "CPUs": 1}, "1672456207.500809": {"GPUs": 1, "CPUs": 1}, "1672456211.00081": {"GPUs": 1, "CPUs": 1}, "1672456224.500808": {"GPUs": 1, "CPUs": 1}, "1672456225.000796": {"GPUs": 1, "CPUs": 1}, "1672456233.500793": {"GPUs": 1, "CPUs": 1}, "1672456235.500826": {"GPUs": 1, "CPUs": 1}, "1672456237.000814": {"GPUs": 1, "CPUs": 1}, "1672456237.500822": {"GPUs": 1, "CPUs": 1}, "1672456238.000793": {"GPUs": 1, "CPUs": 1}, "1672456238.500806": {"GPUs": 1, "CPUs": 1}, "1672456239.500793": {"GPUs": 1, "CPUs": 1}, "1672456243.500831": {"GPUs": 1, "CPUs": 1}, "1672456247.000878": {"GPUs": 1, "CPUs": 1}, "1672456250.000828": {"GPUs": 1, "CPUs": 1}, "1672456251.501442": {"GPUs": 1, "CPUs": 1}, "1672456252.50082": {"GPUs": 1, "CPUs": 2}, "1672456253.002493": {"GPUs": 1, "CPUs": 1}, "1672456254.002501": {"GPUs": 1, "CPUs": 1}, "1672456256.500871": {"GPUs": 1, "CPUs": 1}, "1672456258.000907": {"GPUs": 1, "CPUs": 1}, "1672456259.50079": {"GPUs": 1, "CPUs": 1}, "1672456260.500796": {"GPUs": 1, "CPUs": 1}, "1672456261.000802": {"GPUs": 1, "CPUs": 1}, "1672456262.000826": {"GPUs": 1, "CPUs": 2}, "1672456262.50087": {"GPUs": 1, "CPUs": 2}, "1672456263.001471": {"GPUs": 1, "CPUs": 1}, "1672456263.501206": {"GPUs": 1, "CPUs": 3}, "1672456264.500821": {"GPUs": 1, "CPUs": 4}, "1672456266.500793": {"GPUs": 1, "CPUs": 1}, "1672456268.000794": {"GPUs": 1, "CPUs": 1}, "1672456269.500815": {"GPUs": 1, "CPUs": 1}, "1672456270.000811": {"GPUs": 1, "CPUs": 1}, "1672456271.500817": {"GPUs": 1, "CPUs": 1}, "1672456273.500782": {"GPUs": 1, "CPUs": 1}, "1672456274.000824": {"GPUs": 1, "CPUs": 1}, "1672456276.500812": {"GPUs": 1, "CPUs": 1}, "1672456278.500801": {"GPUs": 1, "CPUs": 1}, "1672456279.000803": {"GPUs": 1, "CPUs": 1}, "1672456280.000798": {"GPUs": 1, "CPUs": 1}, "1672456280.500801": {"GPUs": 1, "CPUs": 1}, "1672456284.50082": {"GPUs": 1, "CPUs": 1}, "1672456286.000829": {"GPUs": 1, "CPUs": 1}, "1672456288.000813": {"GPUs": 1, "CPUs": 1}, "1672456288.500812": {"GPUs": 1, "CPUs": 1}, "1672456289.000793": {"GPUs": 1, "CPUs": 1}, "1672456291.000802": {"GPUs": 1, "CPUs": 1}, "1672456291.500812": {"GPUs": 1, "CPUs": 1}, "1672456293.000809": {"GPUs": 1, "CPUs": 1}, "1672456295.000827": {"GPUs": 1, "CPUs": 1}, "1672456297.000806": {"GPUs": 1, "CPUs": 1}, "1672456298.500826": {"GPUs": 1, "CPUs": 1}, "1672456299.000825": {"GPUs": 1, "CPUs": 1}, "1672456301.500809": {"GPUs": 1, "CPUs": 1}, "1672456302.000809": {"GPUs": 1, "CPUs": 1}, "1672456304.000795": {"GPUs": 1, "CPUs": 1}, "1672456305.500809": {"GPUs": 1, "CPUs": 1}, "1672456308.000825": {"GPUs": 1, "CPUs": 1}, "1672456308.500806": {"GPUs": 1, "CPUs": 1}, "1672456310.000832": {"GPUs": 1, "CPUs": 1}, "1672456310.50081": {"GPUs": 1, "CPUs": 1}, "1672456312.500804": {"GPUs": 1, "CPUs": 1}, "1672456314.000823": {"GPUs": 1, "CPUs": 1}, "1672456314.500823": {"GPUs": 1, "CPUs": 1}, "1672456316.000793": {"GPUs": 1, "CPUs": 1}, "1672456316.5008": {"GPUs": 1, "CPUs": 1}, "1672456318.500808": {"GPUs": 1, "CPUs": 1}, "1672456319.000811": {"GPUs": 1, "CPUs": 1}, "1672456320.500794": {"GPUs": 1, "CPUs": 1}, "1672456321.000808": {"GPUs": 1, "CPUs": 1}, "1672456322.50079": {"GPUs": 1, "CPUs": 1}, "1672456324.500821": {"GPUs": 1, "CPUs": 1}, "1672456325.000814": {"GPUs": 1, "CPUs": 1}, "1672456326.500818": {"GPUs": 1, "CPUs": 1}, "1672456327.000813": {"GPUs": 1, "CPUs": 1}, "1672456328.500813": {"GPUs": 1, "CPUs": 1}, "1672456329.000787": {"GPUs": 1, "CPUs": 1}, "1672456329.500821": {"GPUs": 1, "CPUs": 1}, "1672456331.000826": {"GPUs": 1, "CPUs": 1}, "1672456331.500794": {"GPUs": 1, "CPUs": 1}, "1672456333.000796": {"GPUs": 1, "CPUs": 1}, "1672456333.500816": {"GPUs": 1, "CPUs": 1}, "1672456335.000802": {"GPUs": 1, "CPUs": 1}, "1672456335.500793": {"GPUs": 1, "CPUs": 1}, "1672456336.00081": {"GPUs": 1, "CPUs": 1}, "1672456339.500819": {"GPUs": 1, "CPUs": 1}, "1672456340.000773": {"GPUs": 1, "CPUs": 1}, "1672456341.500778": {"GPUs": 1, "CPUs": 1}, "1672456342.000854": {"GPUs": 1, "CPUs": 1}, "1672456342.500808": {"GPUs": 1, "CPUs": 1}, "1672456347.000808": {"GPUs": 1, "CPUs": 1}, "1672456348.500815": {"GPUs": 1, "CPUs": 1}, "1672456349.500811": {"GPUs": 1, "CPUs": 1}, "1672456350.00081": {"GPUs": 1, "CPUs": 1}, "1672456351.000806": {"GPUs": 1, "CPUs": 1}, "1672456352.502473": {"GPUs": 1, "CPUs": 1}, "1672456353.002474": {"GPUs": 1, "CPUs": 1}, "1672456353.501341": {"GPUs": 1, "CPUs": 2}, "1672456355.000794": {"GPUs": 1, "CPUs": 1}, "1672456356.506341": {"GPUs": 1, "CPUs": 1}, "1672456357.500832": {"GPUs": 1, "CPUs": 1}, "1672456360.501415": {"GPUs": 1, "CPUs": 1}, "1672456361.500821": {"GPUs": 1, "CPUs": 1}, "1672456362.020121": {"GPUs": 1, "CPUs": 2}, "1672456363.002478": {"GPUs": 1, "CPUs": 3}, "1672456364.000824": {"GPUs": 1, "CPUs": 2}, "1672456364.500813": {"GPUs": 1, "CPUs": 2}, "1672456366.000804": {"GPUs": 1, "CPUs": 2}, "1672456366.500813": {"GPUs": 1, "CPUs": 2}, "1672456368.00319": {"GPUs": 1, "CPUs": 2}, "1672456368.503111": {"GPUs": 1, "CPUs": 1}, "1672456370.500803": {"GPUs": 1, "CPUs": 1}, "1672456372.000816": {"GPUs": 1, "CPUs": 1}, "1672456372.500802": {"GPUs": 1, "CPUs": 1}, "1672456374.000825": {"GPUs": 1, "CPUs": 1}, "1672456376.500821": {"GPUs": 1, "CPUs": 1}, "1672456377.000802": {"GPUs": 1, "CPUs": 1}, "1672456378.500824": {"GPUs": 1, "CPUs": 1}, "1672456379.00081": {"GPUs": 1, "CPUs": 1}, "1672456380.500815": {"GPUs": 1, "CPUs": 1}, "1672456381.000803": {"GPUs": 1, "CPUs": 1},