{"RuleTriggered": 0, "Violations": 91, "Details": {"low_gpu_utilization": 302, "bottlenecks": {"1672390162.00067": {"GPUs": 1, "CPUs": 1}, "1672390165.00128": {"GPUs": 1, "CPUs": 2}, "1672390165.500694": {"GPUs": 1, "CPUs": 2}, "1672390166.000642": {"GPUs": 1, "CPUs": 4}, "1672390167.000612": {"GPUs": 1, "CPUs": 2}, "1672390167.501357": {"GPUs": 1, "CPUs": 3}, "1672390168.000726": {"GPUs": 1, "CPUs": 3}, "1672390168.503236": {"GPUs": 1, "CPUs": 3}, "1672390169.003416": {"GPUs": 1, "CPUs": 4}, "1672390169.501907": {"GPUs": 1, "CPUs": 4}, "1672390170.001392": {"GPUs": 1, "CPUs": 3}, "1672390170.500623": {"GPUs": 1, "CPUs": 1}, "1672390172.500641": {"GPUs": 1, "CPUs": 2}, "1672390173.000645": {"GPUs": 1, "CPUs": 2}, "1672390173.500669": {"GPUs": 1, "CPUs": 3}, "1672390174.000624": {"GPUs": 1, "CPUs": 4}, "1672390174.505771": {"GPUs": 1, "CPUs": 4}, "1672390175.002704": {"GPUs": 1, "CPUs": 4}, "1672390175.500614": {"GPUs": 1, "CPUs": 3}, "1672390176.002525": {"GPUs": 1, "CPUs": 4}, "1672390176.500743": {"GPUs": 1, "CPUs": 3}, "1672390177.000618": {"GPUs": 1, "CPUs": 2}, "1672390177.502814": {"GPUs": 1, "CPUs": 4}, "1672390178.001169": {"GPUs": 1, "CPUs": 4}, "1672390178.501127": {"GPUs": 1, "CPUs": 4}, "1672390179.003598": {"GPUs": 1, "CPUs": 4}, "1672390179.503062": {"GPUs": 1, "CPUs": 4}, "1672390180.005511": {"GPUs": 1, "CPUs": 4}, "1672390180.501116": {"GPUs": 1, "CPUs": 4}, "1672390181.002087": {"GPUs": 1, "CPUs": 4}, "1672390181.500675": {"GPUs": 1, "CPUs": 4}, "1672390182.000846": {"GPUs": 1, "CPUs": 4}, "1672390182.504315": {"GPUs": 1, "CPUs": 4}, "1672390183.000623": {"GPUs": 1, "CPUs": 4}, "1672390183.501301": {"GPUs": 1, "CPUs": 4}, "1672390184.000808": {"GPUs": 1, "CPUs": 4}, "1672390184.503216": {"GPUs": 1, "CPUs": 4}, "1672390185.003442": {"GPUs": 1, "CPUs": 4}, "1672390185.500667": {"GPUs": 1, "CPUs": 4}, "1672390186.0018": {"GPUs": 1, "CPUs": 4}, "1672390186.51121": {"GPUs": 1, "CPUs": 3}, "1672390187.003214": {"GPUs": 1, "CPUs": 4}, "1672390187.505526": {"GPUs": 1, "CPUs": 4}, "1672390188.000815": {"GPUs": 1, "CPUs": 4}, "1672390188.500632": {"GPUs": 1, "CPUs": 3}, "1672390200.500632": {"GPUs": 1, "CPUs": 1}, "1672390201.000615": {"GPUs": 1, "CPUs": 1}, "1672390202.000624": {"GPUs": 1, "CPUs": 1}, "1672390202.500623": {"GPUs": 1, "CPUs": 1}, "1672390204.0006": {"GPUs": 1, "CPUs": 1}, "1672390241.501331": {"GPUs": 1, "CPUs": 1}, "1672390246.000623": {"GPUs": 1, "CPUs": 1}, "1672390259.500643": {"GPUs": 1, "CPUs": 1}, "1672390266.500622": {"GPUs": 1, "CPUs": 1}, "1672390267.000622": {"GPUs": 1, "CPUs": 1}, "1672390270.000638": {"GPUs": 1, "CPUs": 1}, "1672390270.500611": {"GPUs": 1, "CPUs": 1}, "1672390271.500635": {"GPUs": 1, "CPUs": 1}, "1672390272.000627": {"GPUs": 1, "CPUs": 1}, "1672390280.00062": {"GPUs": 1, "CPUs": 1}, "1672390280.500623": {"GPUs": 1, "CPUs": 1}, "1672390282.006529": {"GPUs": 1, "CPUs": 1}, "1672390282.503178": {"GPUs": 1, "CPUs": 1}, "1672390285.000616": {"GPUs": 1, "CPUs": 1}, "1672390290.00063": {"GPUs": 1, "CPUs": 1}, "1672390292.500628": {"GPUs": 1, "CPUs": 1}, "1672390301.501195": {"GPUs": 1, "CPUs": 1}, "1672390305.001173": {"GPUs": 1, "CPUs": 1}, "1672390314.001143": {"GPUs": 1, "CPUs": 1}, "1672390331.000649": {"GPUs": 1, "CPUs": 1}, "1672390338.500624": {"GPUs": 1, "CPUs": 1}, "1672390350.000646": {"GPUs": 1, "CPUs": 1}, "1672390358.501153": {"GPUs": 1, "CPUs": 1}, "1672390368.000613": {"GPUs": 1, "CPUs": 1}, "1672390370.500634": {"GPUs": 1, "CPUs": 1}, "1672390371.001433": {"GPUs": 1, "CPUs": 1}, "1672390371.5017": {"GPUs": 1, "CPUs": 1}, "1672390373.001145": {"GPUs": 1, "CPUs": 1}, "1672390387.000623": {"GPUs": 1, "CPUs": 1}, "1672390389.000629": {"GPUs": 1, "CPUs": 1}, "1672390394.500614": {"GPUs": 1, "CPUs": 1}, "1672390404.50061": {"GPUs": 1, "CPUs": 1}, "1672390409.500628": {"GPUs": 1, "CPUs": 1}, "1672390417.500606": {"GPUs": 1, "CPUs": 1}, "1672390423.001166": {"GPUs": 1, "CPUs": 1}, "1672390424.50066": {"GPUs": 1, "CPUs": 1}, "1672390425.500657": {"GPUs": 1, "CPUs": 1}, "1672390432.500636": {"GPUs": 1, "CPUs": 1}, "1672390433.500635": {"GPUs": 1, "CPUs": 1}, "1672390435.000649": {"GPUs": 1, "CPUs": 1}, "1672390439.502613": {"GPUs": 1, "CPUs": 1}}}, "Datapoints": 565, "RuleParameters": "threshold:50\ncpu_threshold:90\ngpu_threshold:10\npatience:1000"}