{"RuleTriggered": 0, "Violations": 8, "Details": {"low_gpu_utilization": 302, "bottlenecks": {"1672390248.000611": {"GPUs": 1, "CPUs": 1}, "1672390249.500635": {"GPUs": 1, "CPUs": 1}, "1672390256.000608": {"GPUs": 1, "CPUs": 1}, "1672390257.000619": {"GPUs": 1, "CPUs": 1}, "1672390259.000614": {"GPUs": 1, "CPUs": 1}, "1672390259.500643": {"GPUs": 1, "CPUs": 1}, "1672390262.000646": {"GPUs": 1, "CPUs": 1}, "1672390263.500614": {"GPUs": 1, "CPUs": 1}}}, "Datapoints": 565, "RuleParameters": "threshold:50\nio_threshold:50\ngpu_threshold:10\npatience:1000"}