{"RuleTriggered": 0, "Violations": 23, "Details": {"low_gpu_utilization": 615, "bottlenecks": {"1672456123.500826": {"GPUs": 1, "CPUs": 1}, "1672456176.000792": {"GPUs": 1, "CPUs": 1}, "1672456212.000791": {"GPUs": 1, "CPUs": 1}, "1672456218.000798": {"GPUs": 1, "CPUs": 1}, "1672456221.500813": {"GPUs": 1, "CPUs": 1}, "1672456222.500801": {"GPUs": 1, "CPUs": 1}, "1672456223.500798": {"GPUs": 1, "CPUs": 1}, "1672456224.000785": {"GPUs": 1, "CPUs": 1}, "1672456224.500808": {"GPUs": 1, "CPUs": 1}, "1672456225.000796": {"GPUs": 1, "CPUs": 1}, "1672456225.500794": {"GPUs": 1, "CPUs": 1}, "1672456226.00081": {"GPUs": 1, "CPUs": 1}, "1672456226.500793": {"GPUs": 1, "CPUs": 1}, "1672456230.000793": {"GPUs": 1, "CPUs": 1}, "1672456231.50081": {"GPUs": 1, "CPUs": 1}, "1672456237.000814": {"GPUs": 1, "CPUs": 1}, "1672456247.000878": {"GPUs": 1, "CPUs": 1}, "1672456249.000831": {"GPUs": 1, "CPUs": 1}, "1672456249.500841": {"GPUs": 1, "CPUs": 1}, "1672456250.000828": {"GPUs": 1, "CPUs": 1}, "1672456346.000792": {"GPUs": 1, "CPUs": 1}, "1672456346.500818": {"GPUs": 1, "CPUs": 1}, "1672456347.000808": {"GPUs": 1, "CPUs": 1}}}, "Datapoints": 1004, "RuleParameters": "threshold:50\nio_threshold:50\ngpu_threshold:10\npatience:1000"}